number,contract_name,name,address,position,banking,bonus,bike_stands,available_bike_stands,available_bikes,status,last_update,temperature_2m,relative_humidity_2m,dew_point_2m,apparent_temperature,precipitation_probability
1,maribor,GOSPOSVETSKA C. - TURNERJEVA UL.,Gosposvetska cesta 69,"{'lat': 46.562695, 'lng': 15.62935}",False,False,22,20,2,OPEN,2024-04-16 13:57:11+02:00,6.9,81.0,3.9,4.9,0.0
1,maribor,GOSPOSVETSKA C. - TURNERJEVA UL.,Gosposvetska cesta 69,"{'lat': 46.562695, 'lng': 15.62935}",False,False,22,20,2,OPEN,2024-04-16 13:57:11+02:00,6.9,81.0,3.9,4.9,0.0
1,maribor,GOSPOSVETSKA C. - TURNERJEVA UL.,Gosposvetska cesta 69,"{'lat': 46.562695, 'lng': 15.62935}",False,False,22,20,2,OPEN,2024-04-16 13:57:11+02:00,6.9,81.0,3.9,4.9,0.0
1,maribor,GOSPOSVETSKA C. - TURNERJEVA UL.,Gosposvetska cesta 69,"{'lat': 46.562695, 'lng': 15.62935}",False,False,22,20,2,OPEN,2024-04-16 14:17:21+02:00,6.9,81.0,3.9,4.9,0.0
1,maribor,GOSPOSVETSKA C. - TURNERJEVA UL.,Gosposvetska cesta 69,"{'lat': 46.562695, 'lng': 15.62935}",False,False,22,20,2,OPEN,2024-04-16 14:27:26+02:00,6.9,81.0,3.9,4.9,0.0
1,maribor,GOSPOSVETSKA C. - TURNERJEVA UL.,Gosposvetska cesta 69,"{'lat': 46.562695, 'lng': 15.62935}",False,False,22,20,2,OPEN,2024-04-16 14:27:26+02:00,6.9,81.0,3.9,4.9,0.0
1,maribor,GOSPOSVETSKA C. - TURNERJEVA UL.,Gosposvetska cesta 69,"{'lat': 46.562695, 'lng': 15.62935}",False,False,22,20,2,OPEN,2024-04-16 14:27:26+02:00,6.9,81.0,3.9,4.9,0.0
1,maribor,GOSPOSVETSKA C. - TURNERJEVA UL.,Gosposvetska cesta 69,"{'lat': 46.562695, 'lng': 15.62935}",False,False,22,19,3,OPEN,2024-04-16 14:33:10+02:00,6.9,81.0,3.9,4.9,0.0
1,maribor,GOSPOSVETSKA C. - TURNERJEVA UL.,Gosposvetska cesta 69,"{'lat': 46.562695, 'lng': 15.62935}",False,False,22,19,3,OPEN,2024-04-16 14:33:10+02:00,6.9,81.0,3.9,4.9,0.0
1,maribor,GOSPOSVETSKA C. - TURNERJEVA UL.,Gosposvetska cesta 69,"{'lat': 46.562695, 'lng': 15.62935}",False,False,22,19,3,OPEN,2024-04-16 14:33:10+02:00,6.9,81.0,3.9,4.9,0.0
1,maribor,GOSPOSVETSKA C. - TURNERJEVA UL.,Gosposvetska cesta 69,"{'lat': 46.562695, 'lng': 15.62935}",False,False,22,19,3,OPEN,2024-04-16 14:37:32+02:00,6.9,81.0,3.9,4.9,0.0
1,maribor,GOSPOSVETSKA C. - TURNERJEVA UL.,Gosposvetska cesta 69,"{'lat': 46.562695, 'lng': 15.62935}",False,False,22,12,10,OPEN,2024-04-16 15:48:45+02:00,6.9,81.0,3.9,4.9,0.0
1,maribor,GOSPOSVETSKA C. - TURNERJEVA UL.,Gosposvetska cesta 69,"{'lat': 46.562695, 'lng': 15.62935}",False,False,22,10,12,OPEN,2024-04-16 19:52:53+02:00,6.9,81.0,3.9,4.9,0.0
1,maribor,GOSPOSVETSKA C. - TURNERJEVA UL.,Gosposvetska cesta 69,"{'lat': 46.562695, 'lng': 15.62935}",False,False,22,3,19,OPEN,2024-04-16 21:27:36+02:00,6.9,81.0,3.9,4.9,0.0
1,maribor,GOSPOSVETSKA C. - TURNERJEVA UL.,Gosposvetska cesta 69,"{'lat': 46.562695, 'lng': 15.62935}",False,False,22,4,18,OPEN,2024-04-16 21:40:01+02:00,6.9,81.0,3.9,4.9,0.0
1,maribor,GOSPOSVETSKA C. - TURNERJEVA UL.,Gosposvetska cesta 69,"{'lat': 46.562695, 'lng': 15.62935}",False,False,22,3,19,OPEN,2024-04-16 22:45:19+02:00,6.9,81.0,3.9,4.9,0.0
1,maribor,GOSPOSVETSKA C. - TURNERJEVA UL.,Gosposvetska cesta 69,"{'lat': 46.562695, 'lng': 15.62935}",False,False,22,4,18,OPEN,2024-04-16 22:53:03+02:00,6.9,81.0,3.9,4.9,0.0
1,maribor,GOSPOSVETSKA C. - TURNERJEVA UL.,Gosposvetska cesta 69,"{'lat': 46.562695, 'lng': 15.62935}",False,False,22,7,15,OPEN,2024-04-16 23:03:14+02:00,6.9,81.0,3.9,4.9,0.0
1,maribor,GOSPOSVETSKA C. - TURNERJEVA UL.,Gosposvetska cesta 69,"{'lat': 46.562695, 'lng': 15.62935}",False,False,22,2,20,OPEN,2024-04-17 00:10:13+02:00,6.9,81.0,3.9,4.9,0.0
1,maribor,GOSPOSVETSKA C. - TURNERJEVA UL.,Gosposvetska cesta 69,"{'lat': 46.562695, 'lng': 15.62935}",False,False,22,3,19,OPEN,2024-04-17 01:07:11+02:00,6.9,81.0,3.9,4.9,0.0
1,maribor,GOSPOSVETSKA C. - TURNERJEVA UL.,Gosposvetska cesta 69,"{'lat': 46.562695, 'lng': 15.62935}",False,False,22,22,0,OPEN,2024-04-17 02:45:48+02:00,6.9,81.0,3.9,4.9,0.0
1,maribor,GOSPOSVETSKA C. - TURNERJEVA UL.,Gosposvetska cesta 69,"{'lat': 46.562695, 'lng': 15.62935}",False,False,22,22,0,OPEN,2024-04-17 03:41:43+02:00,6.9,81.0,3.9,4.9,0.0
1,maribor,GOSPOSVETSKA C. - TURNERJEVA UL.,Gosposvetska cesta 69,"{'lat': 46.562695, 'lng': 15.62935}",False,False,22,22,0,OPEN,2024-04-17 04:11:59+02:00,6.9,81.0,3.9,4.9,0.0
1,maribor,GOSPOSVETSKA C. - TURNERJEVA UL.,Gosposvetska cesta 69,"{'lat': 46.562695, 'lng': 15.62935}",False,False,22,22,0,OPEN,2024-04-17 05:02:26+02:00,6.9,81.0,3.9,4.9,0.0
1,maribor,GOSPOSVETSKA C. - TURNERJEVA UL.,Gosposvetska cesta 69,"{'lat': 46.562695, 'lng': 15.62935}",False,False,22,22,0,OPEN,2024-04-17 06:13:03+02:00,6.9,81.0,3.9,4.9,0.0
1,maribor,GOSPOSVETSKA C. - TURNERJEVA UL.,Gosposvetska cesta 69,"{'lat': 46.562695, 'lng': 15.62935}",False,False,22,22,0,OPEN,2024-04-17 07:03:30+02:00,6.9,81.0,3.9,4.9,0.0
1,maribor,GOSPOSVETSKA C. - TURNERJEVA UL.,Gosposvetska cesta 69,"{'lat': 46.562695, 'lng': 15.62935}",False,False,22,22,0,OPEN,2024-04-17 08:14:42+02:00,6.9,81.0,3.9,4.9,0.0
1,maribor,GOSPOSVETSKA C. - TURNERJEVA UL.,Gosposvetska cesta 69,"{'lat': 46.562695, 'lng': 15.62935}",False,False,22,22,0,OPEN,2024-04-17 09:07:25+02:00,6.9,81.0,3.9,4.9,0.0
1,maribor,GOSPOSVETSKA C. - TURNERJEVA UL.,Gosposvetska cesta 69,"{'lat': 46.562695, 'lng': 15.62935}",False,False,22,22,0,OPEN,2024-04-17 10:05:25+02:00,6.9,81.0,3.9,4.9,0.0
1,maribor,GOSPOSVETSKA C. - TURNERJEVA UL.,Gosposvetska cesta 69,"{'lat': 46.562695, 'lng': 15.62935}",False,False,22,22,0,OPEN,2024-04-17 10:45:57+02:00,6.9,81.0,3.9,4.9,0.0
1,maribor,GOSPOSVETSKA C. - TURNERJEVA UL.,Gosposvetska cesta 69,"{'lat': 46.562695, 'lng': 15.62935}",False,False,22,22,0,OPEN,2024-04-17 10:56:38+02:00,6.9,81.0,3.9,4.9,0.0
1,maribor,GOSPOSVETSKA C. - TURNERJEVA UL.,Gosposvetska cesta 69,"{'lat': 46.562695, 'lng': 15.62935}",False,False,22,20,2,OPEN,2024-04-17 11:07:17+02:00,6.9,81.0,3.9,4.9,0.0
1,maribor,GOSPOSVETSKA C. - TURNERJEVA UL.,Gosposvetska cesta 69,"{'lat': 46.562695, 'lng': 15.62935}",False,False,22,20,2,OPEN,2024-04-17 11:10:54+02:00,6.9,81.0,3.9,4.9,0.0
1,maribor,GOSPOSVETSKA C. - TURNERJEVA UL.,Gosposvetska cesta 69,"{'lat': 46.562695, 'lng': 15.62935}",False,False,22,19,3,OPEN,2024-04-17 12:06:55+02:00,6.9,81.0,3.9,4.9,0.0
1,maribor,GOSPOSVETSKA C. - TURNERJEVA UL.,Gosposvetska cesta 69,"{'lat': 46.562695, 'lng': 15.62935}",False,False,22,20,2,OPEN,2024-04-17 13:07:49+02:00,6.9,81.0,3.9,4.9,0.0
1,maribor,GOSPOSVETSKA C. - TURNERJEVA UL.,Gosposvetska cesta 69,"{'lat': 46.562695, 'lng': 15.62935}",False,False,22,14,8,OPEN,2024-04-17 14:18:59+02:00,6.9,81.0,3.9,4.9,0.0
1,maribor,GOSPOSVETSKA C. - TURNERJEVA UL.,Gosposvetska cesta 69,"{'lat': 46.562695, 'lng': 15.62935}",False,False,22,21,1,OPEN,2024-04-17 15:09:43+02:00,6.9,81.0,3.9,4.9,0.0
1,maribor,GOSPOSVETSKA C. - TURNERJEVA UL.,Gosposvetska cesta 69,"{'lat': 46.562695, 'lng': 15.62935}",False,False,22,21,1,OPEN,2024-04-17 15:09:43+02:00,6.9,81.0,3.9,4.9,0.0
1,maribor,GOSPOSVETSKA C. - TURNERJEVA UL.,Gosposvetska cesta 69,"{'lat': 46.562695, 'lng': 15.62935}",False,False,22,13,9,OPEN,2024-04-17 16:06:32+02:00,6.9,81.0,3.9,4.9,0.0
1,maribor,GOSPOSVETSKA C. - TURNERJEVA UL.,Gosposvetska cesta 69,"{'lat': 46.562695, 'lng': 15.62935}",False,False,22,17,5,OPEN,2024-04-17 17:12:24+02:00,6.9,81.0,3.9,4.9,0.0
1,maribor,GOSPOSVETSKA C. - TURNERJEVA UL.,Gosposvetska cesta 69,"{'lat': 46.562695, 'lng': 15.62935}",False,False,22,11,11,OPEN,2024-04-17 18:14:37+02:00,6.9,81.0,3.9,4.9,0.0
1,maribor,GOSPOSVETSKA C. - TURNERJEVA UL.,Gosposvetska cesta 69,"{'lat': 46.562695, 'lng': 15.62935}",False,False,22,10,12,OPEN,2024-04-17 19:05:34+02:00,6.9,81.0,3.9,4.9,0.0
1,maribor,GOSPOSVETSKA C. - TURNERJEVA UL.,Gosposvetska cesta 69,"{'lat': 46.562695, 'lng': 15.62935}",False,False,22,12,10,OPEN,2024-04-17 20:12:19+02:00,6.9,81.0,3.9,4.9,0.0
1,maribor,GOSPOSVETSKA C. - TURNERJEVA UL.,Gosposvetska cesta 69,"{'lat': 46.562695, 'lng': 15.62935}",False,False,22,3,19,OPEN,2024-04-17 21:06:59+02:00,6.9,81.0,3.9,4.9,0.0
1,maribor,GOSPOSVETSKA C. - TURNERJEVA UL.,Gosposvetska cesta 69,"{'lat': 46.562695, 'lng': 15.62935}",False,False,22,1,21,OPEN,2024-04-17 22:11:02+02:00,6.9,81.0,3.9,4.9,0.0
1,maribor,GOSPOSVETSKA C. - TURNERJEVA UL.,Gosposvetska cesta 69,"{'lat': 46.562695, 'lng': 15.62935}",False,False,22,4,18,OPEN,2024-04-17 23:05:17+02:00,6.9,81.0,3.9,4.9,0.0
1,maribor,GOSPOSVETSKA C. - TURNERJEVA UL.,Gosposvetska cesta 69,"{'lat': 46.562695, 'lng': 15.62935}",False,False,22,14,8,OPEN,2024-04-18 00:05:00+02:00,6.9,81.0,3.9,4.9,0.0
1,maribor,GOSPOSVETSKA C. - TURNERJEVA UL.,Gosposvetska cesta 69,"{'lat': 46.562695, 'lng': 15.62935}",False,False,22,7,15,OPEN,2024-04-18 01:11:19+02:00,6.9,81.0,3.9,4.9,0.0
1,maribor,GOSPOSVETSKA C. - TURNERJEVA UL.,Gosposvetska cesta 69,"{'lat': 46.562695, 'lng': 15.62935}",False,False,22,6,16,OPEN,2024-04-18 02:42:07+02:00,6.9,81.0,3.9,4.9,0.0
1,maribor,GOSPOSVETSKA C. - TURNERJEVA UL.,Gosposvetska cesta 69,"{'lat': 46.562695, 'lng': 15.62935}",False,False,22,5,17,OPEN,2024-04-18 03:40:41+02:00,6.9,81.0,3.9,4.9,0.0
1,maribor,GOSPOSVETSKA C. - TURNERJEVA UL.,Gosposvetska cesta 69,"{'lat': 46.562695, 'lng': 15.62935}",False,False,22,5,17,OPEN,2024-04-18 04:10:56+02:00,6.9,81.0,3.9,4.9,0.0
1,maribor,GOSPOSVETSKA C. - TURNERJEVA UL.,Gosposvetska cesta 69,"{'lat': 46.562695, 'lng': 15.62935}",False,False,22,5,17,OPEN,2024-04-18 05:01:22+02:00,6.9,81.0,3.9,4.9,0.0
1,maribor,GOSPOSVETSKA C. - TURNERJEVA UL.,Gosposvetska cesta 69,"{'lat': 46.562695, 'lng': 15.62935}",False,False,22,5,17,OPEN,2024-04-18 06:12:01+02:00,6.9,81.0,3.9,4.9,0.0
1,maribor,GOSPOSVETSKA C. - TURNERJEVA UL.,Gosposvetska cesta 69,"{'lat': 46.562695, 'lng': 15.62935}",False,False,22,15,7,OPEN,2024-04-18 07:02:41+02:00,6.9,81.0,3.9,4.9,0.0
1,maribor,GOSPOSVETSKA C. - TURNERJEVA UL.,Gosposvetska cesta 69,"{'lat': 46.562695, 'lng': 15.62935}",False,False,22,20,2,OPEN,2024-04-18 08:13:57+02:00,6.9,81.0,3.9,4.9,0.0
1,maribor,GOSPOSVETSKA C. - TURNERJEVA UL.,Gosposvetska cesta 69,"{'lat': 46.562695, 'lng': 15.62935}",False,False,22,22,0,OPEN,2024-04-18 09:04:37+02:00,6.9,81.0,3.9,4.9,0.0
1,maribor,GOSPOSVETSKA C. - TURNERJEVA UL.,Gosposvetska cesta 69,"{'lat': 46.562695, 'lng': 15.62935}",False,False,22,7,15,OPEN,2024-04-18 10:14:34+02:00,6.9,81.0,3.9,4.9,0.0
1,maribor,GOSPOSVETSKA C. - TURNERJEVA UL.,Gosposvetska cesta 69,"{'lat': 46.562695, 'lng': 15.62935}",False,False,22,11,11,OPEN,2024-04-18 11:11:07+02:00,6.9,81.0,3.9,4.9,0.0
1,maribor,GOSPOSVETSKA C. - TURNERJEVA UL.,Gosposvetska cesta 69,"{'lat': 46.562695, 'lng': 15.62935}",False,False,22,8,14,OPEN,2024-04-18 12:13:13+02:00,6.9,81.0,3.9,4.9,0.0
1,maribor,GOSPOSVETSKA C. - TURNERJEVA UL.,Gosposvetska cesta 69,"{'lat': 46.562695, 'lng': 15.62935}",False,False,22,12,10,OPEN,2024-04-18 13:07:40+02:00,6.9,81.0,3.9,4.9,0.0
1,maribor,GOSPOSVETSKA C. - TURNERJEVA UL.,Gosposvetska cesta 69,"{'lat': 46.562695, 'lng': 15.62935}",False,False,22,14,8,OPEN,2024-04-18 14:19:07+02:00,6.9,81.0,3.9,4.9,0.0
1,maribor,GOSPOSVETSKA C. - TURNERJEVA UL.,Gosposvetska cesta 69,"{'lat': 46.562695, 'lng': 15.62935}",False,False,22,19,3,OPEN,2024-04-18 15:09:22+02:00,6.9,81.0,3.9,4.9,0.0
1,maribor,GOSPOSVETSKA C. - TURNERJEVA UL.,Gosposvetska cesta 69,"{'lat': 46.562695, 'lng': 15.62935}",False,False,22,3,19,OPEN,2024-04-18 16:09:38+02:00,6.9,81.0,3.9,4.9,0.0
1,maribor,GOSPOSVETSKA C. - TURNERJEVA UL.,Gosposvetska cesta 69,"{'lat': 46.562695, 'lng': 15.62935}",False,False,22,11,11,OPEN,2024-04-18 17:11:11+02:00,6.9,81.0,3.9,4.9,0.0
1,maribor,GOSPOSVETSKA C. - TURNERJEVA UL.,Gosposvetska cesta 69,"{'lat': 46.562695, 'lng': 15.62935}",False,False,22,17,5,OPEN,2024-04-18 18:13:03+02:00,6.9,81.0,3.9,4.9,0.0
1,maribor,GOSPOSVETSKA C. - TURNERJEVA UL.,Gosposvetska cesta 69,"{'lat': 46.562695, 'lng': 15.62935}",False,False,22,15,7,OPEN,2024-04-18 19:09:41+02:00,6.9,81.0,3.9,4.9,0.0
1,maribor,GOSPOSVETSKA C. - TURNERJEVA UL.,Gosposvetska cesta 69,"{'lat': 46.562695, 'lng': 15.62935}",False,False,22,16,6,OPEN,2024-04-18 20:13:41+02:00,6.9,81.0,3.9,4.9,0.0
1,maribor,GOSPOSVETSKA C. - TURNERJEVA UL.,Gosposvetska cesta 69,"{'lat': 46.562695, 'lng': 15.62935}",False,False,22,13,9,OPEN,2024-04-18 21:07:35+02:00,6.9,81.0,3.9,4.9,0.0
1,maribor,GOSPOSVETSKA C. - TURNERJEVA UL.,Gosposvetska cesta 69,"{'lat': 46.562695, 'lng': 15.62935}",False,False,22,12,10,OPEN,2024-04-18 22:05:51+02:00,6.9,81.0,3.9,4.9,0.0
1,maribor,GOSPOSVETSKA C. - TURNERJEVA UL.,Gosposvetska cesta 69,"{'lat': 46.562695, 'lng': 15.62935}",False,False,22,7,15,OPEN,2024-04-18 23:08:51+02:00,6.9,81.0,3.9,4.9,0.0
1,maribor,GOSPOSVETSKA C. - TURNERJEVA UL.,Gosposvetska cesta 69,"{'lat': 46.562695, 'lng': 15.62935}",False,False,22,6,16,OPEN,2024-04-19 00:06:14+02:00,6.9,81.0,3.9,4.9,0.0
1,maribor,GOSPOSVETSKA C. - TURNERJEVA UL.,Gosposvetska cesta 69,"{'lat': 46.562695, 'lng': 15.62935}",False,False,22,6,16,OPEN,2024-04-19 01:06:45+02:00,6.9,81.0,3.9,4.9,0.0
1,maribor,GOSPOSVETSKA C. - TURNERJEVA UL.,Gosposvetska cesta 69,"{'lat': 46.562695, 'lng': 15.62935}",False,False,22,5,17,OPEN,2024-04-19 02:47:38+02:00,6.9,81.0,3.9,4.9,0.0
1,maribor,GOSPOSVETSKA C. - TURNERJEVA UL.,Gosposvetska cesta 69,"{'lat': 46.562695, 'lng': 15.62935}",False,False,22,5,17,OPEN,2024-04-19 03:40:42+02:00,6.9,81.0,3.9,4.9,0.0
1,maribor,GOSPOSVETSKA C. - TURNERJEVA UL.,Gosposvetska cesta 69,"{'lat': 46.562695, 'lng': 15.62935}",False,False,22,5,17,OPEN,2024-04-19 04:21:03+02:00,6.9,81.0,3.9,4.9,0.0
1,maribor,GOSPOSVETSKA C. - TURNERJEVA UL.,Gosposvetska cesta 69,"{'lat': 46.562695, 'lng': 15.62935}",False,False,22,6,16,OPEN,2024-04-19 05:03:54+02:00,6.9,81.0,3.9,4.9,0.0
1,maribor,GOSPOSVETSKA C. - TURNERJEVA UL.,Gosposvetska cesta 69,"{'lat': 46.562695, 'lng': 15.62935}",False,False,22,7,15,OPEN,2024-04-19 06:12:04+02:00,6.9,81.0,3.9,4.9,0.0
1,maribor,GOSPOSVETSKA C. - TURNERJEVA UL.,Gosposvetska cesta 69,"{'lat': 46.562695, 'lng': 15.62935}",False,False,22,10,12,OPEN,2024-04-19 07:07:43+02:00,6.9,81.0,3.9,4.9,0.0
1,maribor,GOSPOSVETSKA C. - TURNERJEVA UL.,Gosposvetska cesta 69,"{'lat': 46.562695, 'lng': 15.62935}",False,False,22,20,2,OPEN,2024-04-19 08:13:33+02:00,6.9,81.0,3.9,4.9,0.0
1,maribor,GOSPOSVETSKA C. - TURNERJEVA UL.,Gosposvetska cesta 69,"{'lat': 46.562695, 'lng': 15.62935}",False,False,22,19,3,OPEN,2024-04-19 09:04:09+02:00,6.9,81.0,3.9,4.9,0.0
1,maribor,GOSPOSVETSKA C. - TURNERJEVA UL.,Gosposvetska cesta 69,"{'lat': 46.562695, 'lng': 15.62935}",False,False,22,8,14,OPEN,2024-04-19 10:12:19+02:00,6.9,81.0,3.9,4.9,0.0
1,maribor,GOSPOSVETSKA C. - TURNERJEVA UL.,Gosposvetska cesta 69,"{'lat': 46.562695, 'lng': 15.62935}",False,False,22,11,11,OPEN,2024-04-19 11:06:24+02:00,6.9,81.0,3.9,4.9,0.0
1,maribor,GOSPOSVETSKA C. - TURNERJEVA UL.,Gosposvetska cesta 69,"{'lat': 46.562695, 'lng': 15.62935}",False,False,22,10,12,OPEN,2024-04-19 12:09:55+02:00,6.9,81.0,3.9,4.9,0.0
1,maribor,GOSPOSVETSKA C. - TURNERJEVA UL.,Gosposvetska cesta 69,"{'lat': 46.562695, 'lng': 15.62935}",False,False,22,21,1,OPEN,2024-04-19 13:07:41+02:00,6.9,81.0,3.9,4.9,0.0
1,maribor,GOSPOSVETSKA C. - TURNERJEVA UL.,Gosposvetska cesta 69,"{'lat': 46.562695, 'lng': 15.62935}",False,False,22,21,1,OPEN,2024-04-19 14:19:42+02:00,6.9,81.0,3.9,4.9,0.0
1,maribor,GOSPOSVETSKA C. - TURNERJEVA UL.,Gosposvetska cesta 69,"{'lat': 46.562695, 'lng': 15.62935}",False,False,22,20,2,OPEN,2024-04-19 15:11:02+02:00,6.9,81.0,3.9,4.9,0.0
1,maribor,GOSPOSVETSKA C. - TURNERJEVA UL.,Gosposvetska cesta 69,"{'lat': 46.562695, 'lng': 15.62935}",False,False,22,16,6,OPEN,2024-04-19 16:09:50+02:00,6.9,81.0,3.9,4.9,0.0
1,maribor,GOSPOSVETSKA C. - TURNERJEVA UL.,Gosposvetska cesta 69,"{'lat': 46.562695, 'lng': 15.62935}",False,False,22,15,7,OPEN,2024-04-19 17:10:41+02:00,6.9,81.0,3.9,4.9,0.0
1,maribor,GOSPOSVETSKA C. - TURNERJEVA UL.,Gosposvetska cesta 69,"{'lat': 46.562695, 'lng': 15.62935}",False,False,22,22,0,OPEN,2024-04-19 18:11:27+02:00,6.9,81.0,3.9,4.9,0.0
1,maribor,GOSPOSVETSKA C. - TURNERJEVA UL.,Gosposvetska cesta 69,"{'lat': 46.562695, 'lng': 15.62935}",False,False,22,17,5,OPEN,2024-04-19 19:05:12+02:00,6.9,81.0,3.9,4.9,0.0
1,maribor,GOSPOSVETSKA C. - TURNERJEVA UL.,Gosposvetska cesta 69,"{'lat': 46.562695, 'lng': 15.62935}",False,False,22,20,2,OPEN,2024-04-19 20:13:32+02:00,6.9,81.0,3.9,4.9,0.0
1,maribor,GOSPOSVETSKA C. - TURNERJEVA UL.,Gosposvetska cesta 69,"{'lat': 46.562695, 'lng': 15.62935}",False,False,22,19,3,OPEN,2024-04-19 21:03:33+02:00,6.9,81.0,3.9,4.9,0.0
1,maribor,GOSPOSVETSKA C. - TURNERJEVA UL.,Gosposvetska cesta 69,"{'lat': 46.562695, 'lng': 15.62935}",False,False,22,14,8,OPEN,2024-04-19 22:14:12+02:00,6.9,81.0,3.9,4.9,0.0
1,maribor,GOSPOSVETSKA C. - TURNERJEVA UL.,Gosposvetska cesta 69,"{'lat': 46.562695, 'lng': 15.62935}",False,False,22,4,18,OPEN,2024-04-19 23:07:07+02:00,6.9,81.0,3.9,4.9,0.0
1,maribor,GOSPOSVETSKA C. - TURNERJEVA UL.,Gosposvetska cesta 69,"{'lat': 46.562695, 'lng': 15.62935}",False,False,22,3,19,OPEN,2024-04-20 00:05:21+02:00,6.9,81.0,3.9,4.9,0.0
1,maribor,GOSPOSVETSKA C. - TURNERJEVA UL.,Gosposvetska cesta 69,"{'lat': 46.562695, 'lng': 15.62935}",False,False,22,5,17,OPEN,2024-04-20 01:06:00+02:00,6.9,81.0,3.9,4.9,0.0
1,maribor,GOSPOSVETSKA C. - TURNERJEVA UL.,Gosposvetska cesta 69,"{'lat': 46.562695, 'lng': 15.62935}",False,False,22,4,18,OPEN,2024-04-20 02:46:53+02:00,6.9,81.0,3.9,4.9,0.0
1,maribor,GOSPOSVETSKA C. - TURNERJEVA UL.,Gosposvetska cesta 69,"{'lat': 46.562695, 'lng': 15.62935}",False,False,22,4,18,OPEN,2024-04-20 03:40:41+02:00,6.9,81.0,3.9,4.9,0.0
1,maribor,GOSPOSVETSKA C. - TURNERJEVA UL.,Gosposvetska cesta 69,"{'lat': 46.562695, 'lng': 15.62935}",False,False,22,3,19,OPEN,2024-04-20 04:15:04+02:00,6.9,81.0,3.9,4.9,0.0
1,maribor,GOSPOSVETSKA C. - TURNERJEVA UL.,Gosposvetska cesta 69,"{'lat': 46.562695, 'lng': 15.62935}",False,False,22,4,18,OPEN,2024-04-20 05:11:30+02:00,6.9,81.0,3.9,4.9,0.0
1,maribor,GOSPOSVETSKA C. - TURNERJEVA UL.,Gosposvetska cesta 69,"{'lat': 46.562695, 'lng': 15.62935}",False,False,22,6,16,OPEN,2024-04-20 06:12:04+02:00,6.9,81.0,3.9,4.9,0.0
1,maribor,GOSPOSVETSKA C. - TURNERJEVA UL.,Gosposvetska cesta 69,"{'lat': 46.562695, 'lng': 15.62935}",False,False,22,6,16,OPEN,2024-04-20 07:02:29+02:00,6.9,81.0,3.9,4.9,0.0
1,maribor,GOSPOSVETSKA C. - TURNERJEVA UL.,Gosposvetska cesta 69,"{'lat': 46.562695, 'lng': 15.62935}",False,False,22,5,17,OPEN,2024-04-20 08:12:47+02:00,6.9,81.0,3.9,4.9,0.0
1,maribor,GOSPOSVETSKA C. - TURNERJEVA UL.,Gosposvetska cesta 69,"{'lat': 46.562695, 'lng': 15.62935}",False,False,22,7,15,OPEN,2024-04-20 09:03:39+02:00,6.9,81.0,3.9,4.9,0.0
1,maribor,GOSPOSVETSKA C. - TURNERJEVA UL.,Gosposvetska cesta 69,"{'lat': 46.562695, 'lng': 15.62935}",False,False,22,12,10,OPEN,2024-04-20 10:04:21+02:00,6.9,81.0,3.9,4.9,0.0
1,maribor,GOSPOSVETSKA C. - TURNERJEVA UL.,Gosposvetska cesta 69,"{'lat': 46.562695, 'lng': 15.62935}",False,False,22,10,12,OPEN,2024-04-20 11:04:56+02:00,6.9,81.0,3.9,4.9,0.0
1,maribor,GOSPOSVETSKA C. - TURNERJEVA UL.,Gosposvetska cesta 69,"{'lat': 46.562695, 'lng': 15.62935}",False,False,22,16,6,OPEN,2024-04-20 12:06:27+02:00,6.9,81.0,3.9,4.9,0.0
1,maribor,GOSPOSVETSKA C. - TURNERJEVA UL.,Gosposvetska cesta 69,"{'lat': 46.562695, 'lng': 15.62935}",False,False,22,17,5,OPEN,2024-04-20 13:06:17+02:00,6.9,81.0,3.9,4.9,0.0
1,maribor,GOSPOSVETSKA C. - TURNERJEVA UL.,Gosposvetska cesta 69,"{'lat': 46.562695, 'lng': 15.62935}",False,False,22,18,4,OPEN,2024-04-20 14:17:03+02:00,6.9,81.0,3.9,4.9,0.0
1,maribor,GOSPOSVETSKA C. - TURNERJEVA UL.,Gosposvetska cesta 69,"{'lat': 46.562695, 'lng': 15.62935}",False,False,22,19,3,OPEN,2024-04-20 15:07:34+02:00,6.9,81.0,3.9,4.9,0.0
1,maribor,GOSPOSVETSKA C. - TURNERJEVA UL.,Gosposvetska cesta 69,"{'lat': 46.562695, 'lng': 15.62935}",False,False,22,21,1,OPEN,2024-04-20 16:08:10+02:00,6.9,81.0,3.9,4.9,0.0
1,maribor,GOSPOSVETSKA C. - TURNERJEVA UL.,Gosposvetska cesta 69,"{'lat': 46.562695, 'lng': 15.62935}",False,False,22,22,0,OPEN,2024-04-20 17:08:45+02:00,6.9,81.0,3.9,4.9,0.0
1,maribor,GOSPOSVETSKA C. - TURNERJEVA UL.,Gosposvetska cesta 69,"{'lat': 46.562695, 'lng': 15.62935}",False,False,22,19,3,OPEN,2024-04-20 18:49:42+02:00,6.9,81.0,3.9,4.9,0.0
1,maribor,GOSPOSVETSKA C. - TURNERJEVA UL.,Gosposvetska cesta 69,"{'lat': 46.562695, 'lng': 15.62935}",False,False,22,19,3,OPEN,2024-04-20 18:49:42+02:00,6.9,81.0,3.9,4.9,0.0
1,maribor,GOSPOSVETSKA C. - TURNERJEVA UL.,Gosposvetska cesta 69,"{'lat': 46.562695, 'lng': 15.62935}",False,False,22,20,2,OPEN,2024-04-20 18:55:05+02:00,6.9,81.0,3.9,4.9,0.0
1,maribor,GOSPOSVETSKA C. - TURNERJEVA UL.,Gosposvetska cesta 69,"{'lat': 46.562695, 'lng': 15.62935}",False,False,22,18,4,OPEN,2024-04-20 19:09:54+02:00,6.9,81.0,3.9,4.9,0.0
1,maribor,GOSPOSVETSKA C. - TURNERJEVA UL.,Gosposvetska cesta 69,"{'lat': 46.562695, 'lng': 15.62935}",False,False,22,18,4,OPEN,2024-04-20 19:09:54+02:00,6.9,81.0,3.9,4.9,0.0
1,maribor,GOSPOSVETSKA C. - TURNERJEVA UL.,Gosposvetska cesta 69,"{'lat': 46.562695, 'lng': 15.62935}",False,False,22,16,6,OPEN,2024-04-20 20:10:30+02:00,6.9,81.0,3.9,4.9,0.0
1,maribor,GOSPOSVETSKA C. - TURNERJEVA UL.,Gosposvetska cesta 69,"{'lat': 46.562695, 'lng': 15.62935}",False,False,22,17,5,OPEN,2024-04-20 21:08:02+02:00,6.9,81.0,3.9,4.9,0.0
1,maribor,GOSPOSVETSKA C. - TURNERJEVA UL.,Gosposvetska cesta 69,"{'lat': 46.562695, 'lng': 15.62935}",False,False,22,13,9,OPEN,2024-04-20 21:37:50+02:00,6.9,81.0,3.9,4.9,0.0
1,maribor,GOSPOSVETSKA C. - TURNERJEVA UL.,Gosposvetska cesta 69,"{'lat': 46.562695, 'lng': 15.62935}",False,False,22,20,2,OPEN,2024-04-21 10:37:14+02:00,6.9,81.0,3.9,4.9,0.0
1,maribor,GOSPOSVETSKA C. - TURNERJEVA UL.,Gosposvetska cesta 69,"{'lat': 46.562695, 'lng': 15.62935}",False,False,22,20,2,OPEN,2024-04-21 10:44:57+02:00,6.9,81.0,3.9,4.9,0.0
1,maribor,GOSPOSVETSKA C. - TURNERJEVA UL.,Gosposvetska cesta 69,"{'lat': 46.562695, 'lng': 15.62935}",False,False,22,22,0,OPEN,2024-04-21 11:05:09+02:00,6.9,81.0,3.9,4.9,0.0
1,maribor,GOSPOSVETSKA C. - TURNERJEVA UL.,Gosposvetska cesta 69,"{'lat': 46.562695, 'lng': 15.62935}",False,False,22,22,0,OPEN,2024-04-21 11:05:09+02:00,6.9,81.0,3.9,4.9,0.0
1,maribor,GOSPOSVETSKA C. - TURNERJEVA UL.,Gosposvetska cesta 69,"{'lat': 46.562695, 'lng': 15.62935}",False,False,22,22,0,OPEN,2024-04-21 11:15:14+02:00,6.9,81.0,3.9,4.9,0.0
1,maribor,GOSPOSVETSKA C. - TURNERJEVA UL.,Gosposvetska cesta 69,"{'lat': 46.562695, 'lng': 15.62935}",False,False,22,21,1,OPEN,2024-04-21 12:05:41+02:00,6.9,81.0,3.9,4.9,0.0
1,maribor,GOSPOSVETSKA C. - TURNERJEVA UL.,Gosposvetska cesta 69,"{'lat': 46.562695, 'lng': 15.62935}",False,False,22,21,1,OPEN,2024-04-21 13:06:20+02:00,6.9,81.0,3.9,4.9,0.0
1,maribor,GOSPOSVETSKA C. - TURNERJEVA UL.,Gosposvetska cesta 69,"{'lat': 46.562695, 'lng': 15.62935}",False,False,22,21,1,OPEN,2024-04-21 14:16:58+02:00,6.9,81.0,3.9,4.9,0.0
1,maribor,GOSPOSVETSKA C. - TURNERJEVA UL.,Gosposvetska cesta 69,"{'lat': 46.562695, 'lng': 15.62935}",False,False,22,22,0,OPEN,2024-04-21 15:11:20+02:00,6.9,81.0,3.9,4.9,0.0
1,maribor,GOSPOSVETSKA C. - TURNERJEVA UL.,Gosposvetska cesta 69,"{'lat': 46.562695, 'lng': 15.62935}",False,False,22,20,2,OPEN,2024-04-21 16:08:04+02:00,6.9,81.0,3.9,4.9,0.0
1,maribor,GOSPOSVETSKA C. - TURNERJEVA UL.,Gosposvetska cesta 69,"{'lat': 46.562695, 'lng': 15.62935}",False,False,22,21,1,OPEN,2024-04-21 17:08:41+02:00,6.9,81.0,3.9,4.9,0.0
1,maribor,GOSPOSVETSKA C. - TURNERJEVA UL.,Gosposvetska cesta 69,"{'lat': 46.562695, 'lng': 15.62935}",False,False,22,16,6,OPEN,2024-04-21 18:09:22+02:00,6.9,81.0,3.9,4.9,0.0
1,maribor,GOSPOSVETSKA C. - TURNERJEVA UL.,Gosposvetska cesta 69,"{'lat': 46.562695, 'lng': 15.62935}",False,False,22,19,3,OPEN,2024-04-21 18:16:21+02:00,6.9,81.0,3.9,4.9,0.0
1,maribor,GOSPOSVETSKA C. - TURNERJEVA UL.,Gosposvetska cesta 69,"{'lat': 46.562695, 'lng': 15.62935}",False,False,22,8,14,OPEN,2024-04-21 19:10:04+02:00,6.9,81.0,3.9,4.9,0.0
1,maribor,GOSPOSVETSKA C. - TURNERJEVA UL.,Gosposvetska cesta 69,"{'lat': 46.562695, 'lng': 15.62935}",False,False,22,10,12,OPEN,2024-04-21 20:00:42+02:00,6.9,81.0,3.9,4.9,0.0
1,maribor,GOSPOSVETSKA C. - TURNERJEVA UL.,Gosposvetska cesta 69,"{'lat': 46.562695, 'lng': 15.62935}",False,False,22,10,12,OPEN,2024-04-21 20:00:42+02:00,6.9,81.0,3.9,4.9,0.0
1,maribor,GOSPOSVETSKA C. - TURNERJEVA UL.,Gosposvetska cesta 69,"{'lat': 46.562695, 'lng': 15.62935}",False,False,22,10,12,OPEN,2024-04-21 20:00:42+02:00,6.9,81.0,3.9,4.9,0.0
1,maribor,GOSPOSVETSKA C. - TURNERJEVA UL.,Gosposvetska cesta 69,"{'lat': 46.562695, 'lng': 15.62935}",False,False,22,10,12,OPEN,2024-04-21 20:00:42+02:00,6.9,81.0,3.9,4.9,0.0
1,maribor,GOSPOSVETSKA C. - TURNERJEVA UL.,Gosposvetska cesta 69,"{'lat': 46.562695, 'lng': 15.62935}",False,False,22,10,12,OPEN,2024-04-21 20:10:48+02:00,6.9,81.0,3.9,4.9,0.0
1,maribor,GOSPOSVETSKA C. - TURNERJEVA UL.,Gosposvetska cesta 69,"{'lat': 46.562695, 'lng': 15.62935}",False,False,22,7,15,OPEN,2024-04-21 20:13:54+02:00,6.9,81.0,3.9,4.9,0.0
1,maribor,GOSPOSVETSKA C. - TURNERJEVA UL.,Gosposvetska cesta 69,"{'lat': 46.562695, 'lng': 15.62935}",False,False,22,13,9,OPEN,2024-04-21 21:04:28+02:00,6.9,81.0,3.9,4.9,0.0
1,maribor,GOSPOSVETSKA C. - TURNERJEVA UL.,Gosposvetska cesta 69,"{'lat': 46.562695, 'lng': 15.62935}",False,False,22,1,21,OPEN,2024-04-21 22:42:47+02:00,6.9,81.0,3.9,4.9,0.0
1,maribor,GOSPOSVETSKA C. - TURNERJEVA UL.,Gosposvetska cesta 69,"{'lat': 46.562695, 'lng': 15.62935}",False,False,22,3,19,OPEN,2024-04-21 22:45:48+02:00,6.9,81.0,3.9,4.9,0.0
1,maribor,GOSPOSVETSKA C. - TURNERJEVA UL.,Gosposvetska cesta 69,"{'lat': 46.562695, 'lng': 15.62935}",False,False,22,5,17,OPEN,2024-04-21 22:47:38+02:00,6.9,81.0,3.9,4.9,0.0
1,maribor,GOSPOSVETSKA C. - TURNERJEVA UL.,Gosposvetska cesta 69,"{'lat': 46.562695, 'lng': 15.62935}",False,False,22,5,17,OPEN,2024-04-21 22:47:38+02:00,6.9,81.0,3.9,4.9,0.0
1,maribor,GOSPOSVETSKA C. - TURNERJEVA UL.,Gosposvetska cesta 69,"{'lat': 46.562695, 'lng': 15.62935}",False,False,22,6,16,OPEN,2024-04-21 23:24:33+02:00,6.9,81.0,3.9,4.9,0.0
1,maribor,GOSPOSVETSKA C. - TURNERJEVA UL.,Gosposvetska cesta 69,"{'lat': 46.562695, 'lng': 15.62935}",False,False,22,22,0,OPEN,2024-05-01 11:24:56+02:00,15.2,71.0,10.0,13.5,0.0
1,maribor,GOSPOSVETSKA C. - TURNERJEVA UL.,Gosposvetska cesta 69,"{'lat': 46.562695, 'lng': 15.62935}",False,False,22,22,0,OPEN,2024-05-01 11:24:56+02:00,15.2,71.0,10.0,13.5,0.0
1,maribor,GOSPOSVETSKA C. - TURNERJEVA UL.,Gosposvetska cesta 69,"{'lat': 46.562695, 'lng': 15.62935}",False,False,22,22,0,OPEN,2024-05-01 11:24:56+02:00,15.2,71.0,10.0,13.5,0.0
1,maribor,GOSPOSVETSKA C. - TURNERJEVA UL.,Gosposvetska cesta 69,"{'lat': 46.562695, 'lng': 15.62935}",False,False,22,21,1,OPEN,2024-05-01 11:35:02+02:00,15.5,69.0,9.8,14.0,0.0
1,maribor,GOSPOSVETSKA C. - TURNERJEVA UL.,Gosposvetska cesta 69,"{'lat': 46.562695, 'lng': 15.62935}",False,False,22,22,0,OPEN,2024-05-01 11:41:28+02:00,15.5,69.0,9.8,14.0,0.0
1,maribor,GOSPOSVETSKA C. - TURNERJEVA UL.,Gosposvetska cesta 69,"{'lat': 46.562695, 'lng': 15.62935}",False,False,22,22,0,OPEN,2024-05-01 11:41:28+02:00,15.5,69.0,9.8,14.0,0.0
1,maribor,GOSPOSVETSKA C. - TURNERJEVA UL.,Gosposvetska cesta 69,"{'lat': 46.562695, 'lng': 15.62935}",False,False,22,21,1,OPEN,2024-05-01 11:55:14+02:00,15.5,69.0,9.8,14.0,0.0
1,maribor,GOSPOSVETSKA C. - TURNERJEVA UL.,Gosposvetska cesta 69,"{'lat': 46.562695, 'lng': 15.62935}",False,False,22,21,1,OPEN,2024-05-01 11:55:14+02:00,15.5,69.0,9.8,14.0,0.0
1,maribor,GOSPOSVETSKA C. - TURNERJEVA UL.,Gosposvetska cesta 69,"{'lat': 46.562695, 'lng': 15.62935}",False,False,22,21,1,OPEN,2024-05-01 11:55:14+02:00,15.5,69.0,9.8,14.0,0.0
1,maribor,GOSPOSVETSKA C. - TURNERJEVA UL.,Gosposvetska cesta 69,"{'lat': 46.562695, 'lng': 15.62935}",False,False,22,21,1,OPEN,2024-05-01 12:05:19+02:00,15.5,69.0,9.8,14.0,0.0
1,maribor,GOSPOSVETSKA C. - TURNERJEVA UL.,Gosposvetska cesta 69,"{'lat': 46.562695, 'lng': 15.62935}",False,False,22,21,1,OPEN,2024-05-01 12:15:24+02:00,15.5,69.0,9.8,14.0,0.0
1,maribor,GOSPOSVETSKA C. - TURNERJEVA UL.,Gosposvetska cesta 69,"{'lat': 46.562695, 'lng': 15.62935}",False,False,22,21,1,OPEN,2024-05-01 12:15:24+02:00,15.5,69.0,9.8,14.0,0.0
1,maribor,GOSPOSVETSKA C. - TURNERJEVA UL.,Gosposvetska cesta 69,"{'lat': 46.562695, 'lng': 15.62935}",False,False,22,21,1,OPEN,2024-05-01 12:15:24+02:00,15.5,69.0,9.8,14.0,0.0
1,maribor,GOSPOSVETSKA C. - TURNERJEVA UL.,Gosposvetska cesta 69,"{'lat': 46.562695, 'lng': 15.62935}",False,False,22,21,1,OPEN,2024-05-01 12:25:29+02:00,15.5,69.0,9.8,14.0,0.0
1,maribor,GOSPOSVETSKA C. - TURNERJEVA UL.,Gosposvetska cesta 69,"{'lat': 46.562695, 'lng': 15.62935}",False,False,22,21,1,OPEN,2024-05-01 12:25:29+02:00,15.5,69.0,9.8,14.0,0.0
1,maribor,GOSPOSVETSKA C. - TURNERJEVA UL.,Gosposvetska cesta 69,"{'lat': 46.562695, 'lng': 15.62935}",False,False,22,21,1,OPEN,2024-05-01 12:25:29+02:00,15.5,69.0,9.8,14.0,0.0
1,maribor,GOSPOSVETSKA C. - TURNERJEVA UL.,Gosposvetska cesta 69,"{'lat': 46.562695, 'lng': 15.62935}",False,False,22,21,1,OPEN,2024-05-01 12:35:34+02:00,14.6,76.0,10.4,13.4,0.0
1,maribor,GOSPOSVETSKA C. - TURNERJEVA UL.,Gosposvetska cesta 69,"{'lat': 46.562695, 'lng': 15.62935}",False,False,22,21,1,OPEN,2024-05-01 12:35:34+02:00,14.6,76.0,10.4,13.4,0.0
1,maribor,GOSPOSVETSKA C. - TURNERJEVA UL.,Gosposvetska cesta 69,"{'lat': 46.562695, 'lng': 15.62935}",False,False,22,21,1,OPEN,2024-05-01 12:45:39+02:00,14.6,76.0,10.4,13.4,0.0
1,maribor,GOSPOSVETSKA C. - TURNERJEVA UL.,Gosposvetska cesta 69,"{'lat': 46.562695, 'lng': 15.62935}",False,False,22,20,2,OPEN,2024-05-01 12:46:15+02:00,14.6,76.0,10.4,13.4,0.0
1,maribor,GOSPOSVETSKA C. - TURNERJEVA UL.,Gosposvetska cesta 69,"{'lat': 46.562695, 'lng': 15.62935}",False,False,22,20,2,OPEN,2024-05-01 12:55:44+02:00,14.6,76.0,10.4,13.4,0.0
1,maribor,GOSPOSVETSKA C. - TURNERJEVA UL.,Gosposvetska cesta 69,"{'lat': 46.562695, 'lng': 15.62935}",False,False,22,19,3,OPEN,2024-05-01 13:04:22+02:00,14.6,76.0,10.4,13.4,0.0
1,maribor,GOSPOSVETSKA C. - TURNERJEVA UL.,Gosposvetska cesta 69,"{'lat': 46.562695, 'lng': 15.62935}",False,False,22,19,3,OPEN,2024-05-01 13:46:11+02:00,14.6,78.0,10.8,13.7,0.0
1,maribor,GOSPOSVETSKA C. - TURNERJEVA UL.,Gosposvetska cesta 69,"{'lat': 46.562695, 'lng': 15.62935}",False,False,22,21,1,OPEN,2024-05-01 15:27:08+02:00,15.6,74.0,11.0,15.0,1.0
1,maribor,GOSPOSVETSKA C. - TURNERJEVA UL.,Gosposvetska cesta 69,"{'lat': 46.562695, 'lng': 15.62935}",False,False,22,21,1,OPEN,2024-05-01 15:27:08+02:00,15.6,74.0,11.0,15.0,1.0
1,maribor,GOSPOSVETSKA C. - TURNERJEVA UL.,Gosposvetska cesta 69,"{'lat': 46.562695, 'lng': 15.62935}",False,False,22,21,1,OPEN,2024-05-01 15:37:13+02:00,16.5,69.0,10.8,16.0,2.0
1,maribor,GOSPOSVETSKA C. - TURNERJEVA UL.,Gosposvetska cesta 69,"{'lat': 46.562695, 'lng': 15.62935}",False,False,22,22,0,OPEN,2024-05-01 15:38:59+02:00,16.5,69.0,10.8,16.0,2.0
1,maribor,GOSPOSVETSKA C. - TURNERJEVA UL.,Gosposvetska cesta 69,"{'lat': 46.562695, 'lng': 15.62935}",False,False,22,22,0,OPEN,2024-05-01 16:17:33+02:00,16.5,69.0,10.8,16.0,2.0
1,maribor,GOSPOSVETSKA C. - TURNERJEVA UL.,Gosposvetska cesta 69,"{'lat': 46.562695, 'lng': 15.62935}",False,False,22,22,0,OPEN,2024-05-01 16:27:38+02:00,16.5,69.0,10.8,16.0,2.0
1,maribor,GOSPOSVETSKA C. - TURNERJEVA UL.,Gosposvetska cesta 69,"{'lat': 46.562695, 'lng': 15.62935}",False,False,22,15,7,OPEN,2024-05-01 17:00:38+02:00,16.7,69.0,11.0,16.3,3.0
1,maribor,GOSPOSVETSKA C. - TURNERJEVA UL.,Gosposvetska cesta 69,"{'lat': 46.562695, 'lng': 15.62935}",False,False,22,16,6,OPEN,2024-05-01 17:02:36+02:00,16.7,69.0,11.0,16.3,3.0
1,maribor,GOSPOSVETSKA C. - TURNERJEVA UL.,Gosposvetska cesta 69,"{'lat': 46.562695, 'lng': 15.62935}",False,False,22,22,0,OPEN,2024-05-01 19:19:29+02:00,15.9,73.0,11.0,15.8,44.0
1,maribor,GOSPOSVETSKA C. - TURNERJEVA UL.,Gosposvetska cesta 69,"{'lat': 46.562695, 'lng': 15.62935}",False,False,22,22,0,OPEN,2024-05-01 19:23:47+02:00,15.9,73.0,11.0,15.8,44.0
1,maribor,GOSPOSVETSKA C. - TURNERJEVA UL.,Gosposvetska cesta 69,"{'lat': 46.562695, 'lng': 15.62935}",False,False,22,22,0,OPEN,2024-05-01 19:29:35+02:00,15.9,73.0,11.0,15.8,44.0
1,maribor,GOSPOSVETSKA C. - TURNERJEVA UL.,Gosposvetska cesta 69,"{'lat': 46.562695, 'lng': 15.62935}",False,False,22,22,0,OPEN,2024-05-01 19:29:35+02:00,15.9,73.0,11.0,15.8,44.0
1,maribor,GOSPOSVETSKA C. - TURNERJEVA UL.,Gosposvetska cesta 69,"{'lat': 46.562695, 'lng': 15.62935}",False,False,22,21,1,OPEN,2024-05-01 19:49:45+02:00,14.9,83.0,12.0,15.3,65.0
1,maribor,GOSPOSVETSKA C. - TURNERJEVA UL.,Gosposvetska cesta 69,"{'lat': 46.562695, 'lng': 15.62935}",False,False,22,22,0,OPEN,2024-05-02 11:14:34+02:00,18.4,63.0,11.2,17.1,77.0
1,maribor,GOSPOSVETSKA C. - TURNERJEVA UL.,Gosposvetska cesta 69,"{'lat': 46.562695, 'lng': 15.62935}",False,False,22,22,0,OPEN,2024-05-02 11:44:50+02:00,19.7,56.0,10.7,18.4,66.0
1,maribor,GOSPOSVETSKA C. - TURNERJEVA UL.,Gosposvetska cesta 69,"{'lat': 46.562695, 'lng': 15.62935}",False,False,22,22,0,OPEN,2024-05-02 11:44:50+02:00,19.7,56.0,10.7,18.4,66.0
1,maribor,GOSPOSVETSKA C. - TURNERJEVA UL.,Gosposvetska cesta 69,"{'lat': 46.562695, 'lng': 15.62935}",False,False,22,22,0,OPEN,2024-05-02 11:44:50+02:00,19.7,56.0,10.7,18.4,66.0
1,maribor,GOSPOSVETSKA C. - TURNERJEVA UL.,Gosposvetska cesta 69,"{'lat': 46.562695, 'lng': 15.62935}",False,False,22,19,3,OPEN,2024-05-02 14:26:16+02:00,21.2,49.0,10.1,20.6,45.0
1,maribor,GOSPOSVETSKA C. - TURNERJEVA UL.,Gosposvetska cesta 69,"{'lat': 46.562695, 'lng': 15.62935}",False,False,22,18,4,OPEN,2024-05-02 14:46:27+02:00,20.4,53.0,10.5,19.3,41.0
1,maribor,GOSPOSVETSKA C. - TURNERJEVA UL.,Gosposvetska cesta 69,"{'lat': 46.562695, 'lng': 15.62935}",False,False,22,17,5,OPEN,2024-05-02 15:06:38+02:00,20.4,53.0,10.5,19.3,41.0
1,maribor,GOSPOSVETSKA C. - TURNERJEVA UL.,Gosposvetska cesta 69,"{'lat': 46.562695, 'lng': 15.62935}",False,False,22,18,4,OPEN,2024-05-02 15:18:00+02:00,20.4,53.0,10.5,19.3,41.0
1,maribor,GOSPOSVETSKA C. - TURNERJEVA UL.,Gosposvetska cesta 69,"{'lat': 46.562695, 'lng': 15.62935}",False,False,22,22,0,OPEN,2024-05-02 17:28:00+02:00,21.0,46.0,8.9,19.7,32.0
1,maribor,GOSPOSVETSKA C. - TURNERJEVA UL.,Gosposvetska cesta 69,"{'lat': 46.562695, 'lng': 15.62935}",False,False,22,22,0,OPEN,2024-05-02 17:38:06+02:00,20.3,48.0,8.9,18.8,25.0
1,maribor,GOSPOSVETSKA C. - TURNERJEVA UL.,Gosposvetska cesta 69,"{'lat': 46.562695, 'lng': 15.62935}",False,False,22,11,11,OPEN,2024-05-03 12:15:12+02:00,13.6,86.0,11.3,13.0,96.0
1,maribor,GOSPOSVETSKA C. - TURNERJEVA UL.,Gosposvetska cesta 69,"{'lat': 46.562695, 'lng': 15.62935}",False,False,22,11,11,OPEN,2024-05-03 12:15:12+02:00,13.6,86.0,11.3,13.0,96.0
1,maribor,GOSPOSVETSKA C. - TURNERJEVA UL.,Gosposvetska cesta 69,"{'lat': 46.562695, 'lng': 15.62935}",False,False,22,11,11,OPEN,2024-05-03 12:25:17+02:00,13.6,86.0,11.3,13.0,96.0
1,maribor,GOSPOSVETSKA C. - TURNERJEVA UL.,Gosposvetska cesta 69,"{'lat': 46.562695, 'lng': 15.62935}",False,False,22,11,11,OPEN,2024-05-03 12:25:17+02:00,13.6,86.0,11.3,13.0,96.0
1,maribor,GOSPOSVETSKA C. - TURNERJEVA UL.,Gosposvetska cesta 69,"{'lat': 46.562695, 'lng': 15.62935}",False,False,22,16,6,OPEN,2024-05-03 16:57:46+02:00,13.6,89.0,11.9,13.3,100.0
1,maribor,GOSPOSVETSKA C. - TURNERJEVA UL.,Gosposvetska cesta 69,"{'lat': 46.562695, 'lng': 15.62935}",False,False,22,16,6,OPEN,2024-05-03 17:17:57+02:00,13.6,89.0,11.9,13.3,100.0
1,maribor,GOSPOSVETSKA C. - TURNERJEVA UL.,Gosposvetska cesta 69,"{'lat': 46.562695, 'lng': 15.62935}",False,False,22,16,6,OPEN,2024-05-03 17:17:57+02:00,13.6,89.0,11.9,13.3,100.0
1,maribor,GOSPOSVETSKA C. - TURNERJEVA UL.,Gosposvetska cesta 69,"{'lat': 46.562695, 'lng': 15.62935}",False,False,22,16,6,OPEN,2024-05-03 17:17:57+02:00,13.6,89.0,11.9,13.3,100.0
1,maribor,GOSPOSVETSKA C. - TURNERJEVA UL.,Gosposvetska cesta 69,"{'lat': 46.562695, 'lng': 15.62935}",False,False,22,15,7,OPEN,2024-05-03 18:48:50+02:00,13.2,84.0,10.6,12.1,100.0
1,maribor,GOSPOSVETSKA C. - TURNERJEVA UL.,Gosposvetska cesta 69,"{'lat': 46.562695, 'lng': 15.62935}",False,False,22,7,15,OPEN,2024-05-04 11:06:30+02:00,18.0,65.0,11.3,16.9,0.0
1,maribor,GOSPOSVETSKA C. - TURNERJEVA UL.,Gosposvetska cesta 69,"{'lat': 46.562695, 'lng': 15.62935}",False,False,22,9,13,OPEN,2024-05-04 12:22:01+02:00,19.2,61.0,11.5,20.0,0.0
1,maribor,GOSPOSVETSKA C. - TURNERJEVA UL.,Gosposvetska cesta 69,"{'lat': 46.562695, 'lng': 15.62935}",False,False,22,10,12,OPEN,2024-05-04 12:23:53+02:00,19.2,61.0,11.5,20.0,0.0
1,maribor,GOSPOSVETSKA C. - TURNERJEVA UL.,Gosposvetska cesta 69,"{'lat': 46.562695, 'lng': 15.62935}",False,False,22,10,12,OPEN,2024-05-04 12:32:08+02:00,20.4,49.0,9.3,21.6,0.0
1,maribor,GOSPOSVETSKA C. - TURNERJEVA UL.,Gosposvetska cesta 69,"{'lat': 46.562695, 'lng': 15.62935}",False,False,22,8,14,OPEN,2024-05-04 13:35:26+02:00,21.2,45.0,8.8,22.0,0.0
1,maribor,GOSPOSVETSKA C. - TURNERJEVA UL.,Gosposvetska cesta 69,"{'lat': 46.562695, 'lng': 15.62935}",False,False,22,8,14,OPEN,2024-05-04 13:35:26+02:00,21.2,45.0,8.8,22.0,0.0
1,maribor,GOSPOSVETSKA C. - TURNERJEVA UL.,Gosposvetska cesta 69,"{'lat': 46.562695, 'lng': 15.62935}",False,False,22,9,13,OPEN,2024-05-04 13:43:32+02:00,21.2,45.0,8.8,22.0,0.0
1,maribor,GOSPOSVETSKA C. - TURNERJEVA UL.,Gosposvetska cesta 69,"{'lat': 46.562695, 'lng': 15.62935}",False,False,22,10,12,OPEN,2024-05-06 16:52:45+02:00,22.5,43.0,9.3,19.9,0.0
1,maribor,GOSPOSVETSKA C. - TURNERJEVA UL.,Gosposvetska cesta 69,"{'lat': 46.562695, 'lng': 15.62935}",False,False,22,7,15,OPEN,2024-05-06 16:58:33+02:00,22.5,43.0,9.3,19.9,0.0
1,maribor,GOSPOSVETSKA C. - TURNERJEVA UL.,Gosposvetska cesta 69,"{'lat': 46.562695, 'lng': 15.62935}",False,False,22,18,4,OPEN,2024-05-11 10:55:40+02:00,20.0,43.0,7.1,18.8,0.0
1,maribor,GOSPOSVETSKA C. - TURNERJEVA UL.,Gosposvetska cesta 69,"{'lat': 46.562695, 'lng': 15.62935}",False,False,22,19,3,OPEN,2024-05-11 12:25:33+02:00,20.9,39.0,6.4,20.5,0.0
1,maribor,GOSPOSVETSKA C. - TURNERJEVA UL.,Gosposvetska cesta 69,"{'lat': 46.562695, 'lng': 15.62935}",False,False,22,19,3,OPEN,2024-05-11 12:25:33+02:00,20.9,39.0,6.4,20.5,0.0
1,maribor,GOSPOSVETSKA C. - TURNERJEVA UL.,Gosposvetska cesta 69,"{'lat': 46.562695, 'lng': 15.62935}",False,False,22,19,3,OPEN,2024-05-11 12:36:30+02:00,21.2,41.0,7.5,21.6,0.0
1,maribor,GOSPOSVETSKA C. - TURNERJEVA UL.,Gosposvetska cesta 69,"{'lat': 46.562695, 'lng': 15.62935}",False,False,22,19,3,OPEN,2024-05-11 12:36:30+02:00,21.2,41.0,7.5,21.6,0.0
1,maribor,GOSPOSVETSKA C. - TURNERJEVA UL.,Gosposvetska cesta 69,"{'lat': 46.562695, 'lng': 15.62935}",False,False,22,7,15,OPEN,2024-05-12 10:57:44+02:00,20.5,46.0,8.5,20.0,3.0
1,maribor,GOSPOSVETSKA C. - TURNERJEVA UL.,Gosposvetska cesta 69,"{'lat': 46.562695, 'lng': 15.62935}",False,False,22,8,14,OPEN,2024-05-12 11:07:01+02:00,20.5,46.0,8.5,20.0,3.0
1,maribor,GOSPOSVETSKA C. - TURNERJEVA UL.,Gosposvetska cesta 69,"{'lat': 46.562695, 'lng': 15.62935}",False,False,22,7,15,OPEN,2024-05-12 11:08:55+02:00,20.5,46.0,8.5,20.0,3.0
1,maribor,GOSPOSVETSKA C. - TURNERJEVA UL.,Gosposvetska cesta 69,"{'lat': 46.562695, 'lng': 15.62935}",False,False,22,7,15,OPEN,2024-05-12 11:25:20+02:00,20.5,46.0,8.5,20.0,3.0
1,maribor,GOSPOSVETSKA C. - TURNERJEVA UL.,Gosposvetska cesta 69,"{'lat': 46.562695, 'lng': 15.62935}",False,False,22,7,15,OPEN,2024-05-12 11:35:26+02:00,21.4,45.0,8.9,21.3,24.0
1,maribor,GOSPOSVETSKA C. - TURNERJEVA UL.,Gosposvetska cesta 69,"{'lat': 46.562695, 'lng': 15.62935}",False,False,22,7,15,OPEN,2024-05-12 11:35:26+02:00,21.4,45.0,8.9,21.3,24.0
1,maribor,GOSPOSVETSKA C. - TURNERJEVA UL.,Gosposvetska cesta 69,"{'lat': 46.562695, 'lng': 15.62935}",False,False,22,19,3,OPEN,2024-05-13 10:53:03+02:00,16.7,78.0,12.8,16.5,71.0
1,maribor,GOSPOSVETSKA C. - TURNERJEVA UL.,Gosposvetska cesta 69,"{'lat': 46.562695, 'lng': 15.62935}",False,False,22,13,9,OPEN,2024-05-13 11:01:25+02:00,16.7,78.0,12.8,16.5,71.0
1,maribor,GOSPOSVETSKA C. - TURNERJEVA UL.,Gosposvetska cesta 69,"{'lat': 46.562695, 'lng': 15.62935}",False,False,22,8,14,OPEN,2024-05-13 11:13:22+02:00,16.7,78.0,12.8,16.5,71.0
1,maribor,GOSPOSVETSKA C. - TURNERJEVA UL.,Gosposvetska cesta 69,"{'lat': 46.562695, 'lng': 15.62935}",False,False,22,11,11,OPEN,2024-05-13 11:23:14+02:00,16.7,78.0,12.8,16.5,71.0
1,maribor,GOSPOSVETSKA C. - TURNERJEVA UL.,Gosposvetska cesta 69,"{'lat': 46.562695, 'lng': 15.62935}",False,False,22,10,12,OPEN,2024-05-13 11:29:01+02:00,16.7,78.0,12.8,16.5,71.0
1,maribor,GOSPOSVETSKA C. - TURNERJEVA UL.,Gosposvetska cesta 69,"{'lat': 46.562695, 'lng': 15.62935}",False,False,22,14,8,OPEN,2024-05-13 11:46:15+02:00,17.5,74.0,12.8,17.2,81.0
1,maribor,GOSPOSVETSKA C. - TURNERJEVA UL.,Gosposvetska cesta 69,"{'lat': 46.562695, 'lng': 15.62935}",False,False,22,13,9,OPEN,2024-05-13 11:57:10+02:00,17.5,74.0,12.8,17.2,81.0
1,maribor,GOSPOSVETSKA C. - TURNERJEVA UL.,Gosposvetska cesta 69,"{'lat': 46.562695, 'lng': 15.62935}",False,False,22,10,12,OPEN,2024-05-13 12:01:56+02:00,17.5,74.0,12.8,17.2,81.0
1,maribor,GOSPOSVETSKA C. - TURNERJEVA UL.,Gosposvetska cesta 69,"{'lat': 46.562695, 'lng': 15.62935}",False,False,22,8,14,OPEN,2024-05-13 12:07:17+02:00,17.5,74.0,12.8,17.2,81.0
1,maribor,GOSPOSVETSKA C. - TURNERJEVA UL.,Gosposvetska cesta 69,"{'lat': 46.562695, 'lng': 15.62935}",False,False,22,10,12,OPEN,2024-05-13 12:17:27+02:00,17.5,74.0,12.8,17.2,81.0
1,maribor,GOSPOSVETSKA C. - TURNERJEVA UL.,Gosposvetska cesta 69,"{'lat': 46.562695, 'lng': 15.62935}",False,False,22,10,12,OPEN,2024-05-13 12:17:27+02:00,17.5,74.0,12.8,17.2,81.0
1,maribor,GOSPOSVETSKA C. - TURNERJEVA UL.,Gosposvetska cesta 69,"{'lat': 46.562695, 'lng': 15.62935}",False,False,22,13,9,OPEN,2024-05-13 12:40:09+02:00,18.4,72.0,13.3,18.0,90.0
1,maribor,GOSPOSVETSKA C. - TURNERJEVA UL.,Gosposvetska cesta 69,"{'lat': 46.562695, 'lng': 15.62935}",False,False,22,21,1,OPEN,2024-05-13 12:53:49+02:00,18.4,72.0,13.3,18.0,90.0
1,maribor,GOSPOSVETSKA C. - TURNERJEVA UL.,Gosposvetska cesta 69,"{'lat': 46.562695, 'lng': 15.62935}",False,False,22,21,1,OPEN,2024-05-13 13:06:24+02:00,18.4,72.0,13.3,18.0,90.0
1,maribor,GOSPOSVETSKA C. - TURNERJEVA UL.,Gosposvetska cesta 69,"{'lat': 46.562695, 'lng': 15.62935}",False,False,22,17,5,OPEN,2024-05-13 13:19:30+02:00,18.4,72.0,13.3,18.0,90.0
1,maribor,GOSPOSVETSKA C. - TURNERJEVA UL.,Gosposvetska cesta 69,"{'lat': 46.562695, 'lng': 15.62935}",False,False,22,16,6,OPEN,2024-05-13 13:28:10+02:00,18.4,72.0,13.3,18.0,90.0
1,maribor,GOSPOSVETSKA C. - TURNERJEVA UL.,Gosposvetska cesta 69,"{'lat': 46.562695, 'lng': 15.62935}",False,False,22,16,6,OPEN,2024-05-13 13:28:34+02:00,18.4,72.0,13.3,18.0,90.0
1,maribor,GOSPOSVETSKA C. - TURNERJEVA UL.,Gosposvetska cesta 69,"{'lat': 46.562695, 'lng': 15.62935}",False,False,22,22,0,OPEN,2024-05-13 13:45:36+02:00,15.3,75.0,10.9,14.3,100.0
1,maribor,GOSPOSVETSKA C. - TURNERJEVA UL.,Gosposvetska cesta 69,"{'lat': 46.562695, 'lng': 15.62935}",False,False,22,21,1,OPEN,2024-05-13 13:51:08+02:00,15.3,75.0,10.9,14.3,100.0
1,maribor,GOSPOSVETSKA C. - TURNERJEVA UL.,Gosposvetska cesta 69,"{'lat': 46.562695, 'lng': 15.62935}",False,False,22,20,2,OPEN,2024-05-13 13:59:04+02:00,15.3,75.0,10.9,14.3,100.0
1,maribor,GOSPOSVETSKA C. - TURNERJEVA UL.,Gosposvetska cesta 69,"{'lat': 46.562695, 'lng': 15.62935}",False,False,22,7,15,OPEN,2024-05-15 23:40:17+02:00,14.9,88.0,12.9,15.4,28.0
1,maribor,GOSPOSVETSKA C. - TURNERJEVA UL.,Gosposvetska cesta 69,"{'lat': 46.562695, 'lng': 15.62935}",False,False,22,8,14,OPEN,2024-05-19 10:44:57+02:00,22.1,45.0,9.6,22.6,0.0
1,maribor,GOSPOSVETSKA C. - TURNERJEVA UL.,Gosposvetska cesta 69,"{'lat': 46.562695, 'lng': 15.62935}",False,False,22,8,14,OPEN,2024-05-19 11:25:21+02:00,22.1,45.0,9.6,22.6,0.0
1,maribor,GOSPOSVETSKA C. - TURNERJEVA UL.,Gosposvetska cesta 69,"{'lat': 46.562695, 'lng': 15.62935}",False,False,22,10,12,OPEN,2024-05-19 11:36:21+02:00,23.0,43.0,9.7,23.5,0.0
1,maribor,GOSPOSVETSKA C. - TURNERJEVA UL.,Gosposvetska cesta 69,"{'lat': 46.562695, 'lng': 15.62935}",False,False,22,10,12,OPEN,2024-05-19 11:36:21+02:00,23.0,43.0,9.7,23.5,0.0
1,maribor,GOSPOSVETSKA C. - TURNERJEVA UL.,Gosposvetska cesta 69,"{'lat': 46.562695, 'lng': 15.62935}",False,False,22,11,11,OPEN,2024-05-19 11:55:47+02:00,23.0,43.0,9.7,23.5,0.0
1,maribor,GOSPOSVETSKA C. - TURNERJEVA UL.,Gosposvetska cesta 69,"{'lat': 46.562695, 'lng': 15.62935}",False,False,22,11,11,OPEN,2024-05-19 12:05:52+02:00,23.0,43.0,9.7,23.5,0.0
1,maribor,GOSPOSVETSKA C. - TURNERJEVA UL.,Gosposvetska cesta 69,"{'lat': 46.562695, 'lng': 15.62935}",False,False,22,10,12,OPEN,2024-05-20 09:30:47+02:00,20.0,67.0,13.7,20.0,0.0
1,maribor,GOSPOSVETSKA C. - TURNERJEVA UL.,Gosposvetska cesta 69,"{'lat': 46.562695, 'lng': 15.62935}",False,False,22,12,10,OPEN,2024-05-20 11:07:06+02:00,21.6,58.0,13.0,22.0,0.0
1,maribor,GOSPOSVETSKA C. - TURNERJEVA UL.,Gosposvetska cesta 69,"{'lat': 46.562695, 'lng': 15.62935}",False,False,22,13,9,OPEN,2024-05-20 11:23:33+02:00,21.6,58.0,13.0,22.0,0.0
1,maribor,GOSPOSVETSKA C. - TURNERJEVA UL.,Gosposvetska cesta 69,"{'lat': 46.562695, 'lng': 15.62935}",False,False,22,15,7,OPEN,2024-05-20 13:59:22+02:00,23.6,51.0,12.9,23.5,0.0
1,maribor,GOSPOSVETSKA C. - TURNERJEVA UL.,Gosposvetska cesta 69,"{'lat': 46.562695, 'lng': 15.62935}",False,False,22,5,17,OPEN,2024-05-27 15:59:51+02:00,22.9,55.0,13.3,22.8,30.0
